,mean_fit_time,std_fit_time,mean_score_time,std_score_time,param_batch_size,param_epochs,param_optimizer,param_optimizer__learning_rate,params,split0_test_score,split1_test_score,split2_test_score,split3_test_score,split4_test_score,mean_test_score,std_test_score,rank_test_score
0,5.4734978675842285,0.42624058155464656,0.8926143646240234,0.45269322825092245,32,15,RMSprop,0.001,"{'batch_size': 32, 'epochs': 15, 'optimizer': 'RMSprop', 'optimizer__learning_rate': 0.001}",0.8051948051948052,0.9285714285714286,0.9673202614379085,0.934640522875817,0.8888888888888888,0.9049231813937695,0.05574693378614681,11
1,5.268246746063232,0.2352185342792712,0.5128089904785156,0.007702157875360138,32,15,RMSprop,0.01,"{'batch_size': 32, 'epochs': 15, 'optimizer': 'RMSprop', 'optimizer__learning_rate': 0.01}",0.6818181818181818,0.6753246753246753,0.5098039215686274,0.5490196078431373,0.6405228758169934,0.6112978524743231,0.06943522254517265,61
2,5.078763246536255,0.06214073260429665,0.5175251960754395,0.008324825661544267,32,15,RMSprop,0.1,"{'batch_size': 32, 'epochs': 15, 'optimizer': 'RMSprop', 'optimizer__learning_rate': 0.1}",0.7142857142857143,0.487012987012987,0.7189542483660131,0.7124183006535948,0.6470588235294118,0.6559460147695442,0.08852121457446294,39
3,5.157932615280151,0.19587576731889533,0.5191183090209961,0.007998735400992319,32,15,RMSprop,0.2,"{'batch_size': 32, 'epochs': 15, 'optimizer': 'RMSprop', 'optimizer__learning_rate': 0.2}",0.6298701298701299,0.6558441558441559,0.7908496732026143,0.5098039215686274,0.5359477124183006,0.6244631185807656,0.09967968641334453,49
4,5.12676968574524,0.12505659512542558,0.5110278129577637,0.004205865875782,32,15,RMSprop,0.3,"{'batch_size': 32, 'epochs': 15, 'optimizer': 'RMSprop', 'optimizer__learning_rate': 0.3}",0.577922077922078,0.6883116883116883,0.5098039215686274,0.7516339869281046,0.5294117647058824,0.6114166878872761,0.0935367121960258,60
5,5.124142742156982,0.07642731096708046,0.5169668197631836,0.00327530312157471,32,15,RMSprop,0.05,"{'batch_size': 32, 'epochs': 15, 'optimizer': 'RMSprop', 'optimizer__learning_rate': 0.05}",0.7467532467532467,0.551948051948052,0.8431372549019608,0.7647058823529411,0.5098039215686274,0.6832696715049656,0.12927134187344252,35
6,6.026499652862549,0.450806427411351,0.5157486438751221,0.00848755916010125,32,15,adam,0.001,"{'batch_size': 32, 'epochs': 15, 'optimizer': 'adam', 'optimizer__learning_rate': 0.001}",0.935064935064935,0.8961038961038961,0.9411764705882353,0.954248366013072,0.934640522875817,0.9322468381291911,0.019410251004704285,6
7,5.655403757095337,0.0312815869433511,0.5159518241882324,0.002081281949541865,32,15,adam,0.01,"{'batch_size': 32, 'epochs': 15, 'optimizer': 'adam', 'optimizer__learning_rate': 0.01}",0.7207792207792207,0.8571428571428571,0.5359477124183006,0.8235294117647058,0.7124183006535948,0.7299635005517358,0.11221718189607913,29
8,5.744711303710938,0.23659219056050806,0.5135156154632569,0.009853459203184726,32,15,adam,0.1,"{'batch_size': 32, 'epochs': 15, 'optimizer': 'adam', 'optimizer__learning_rate': 0.1}",0.551948051948052,0.512987012987013,0.6797385620915033,0.5098039215686274,0.5098039215686274,0.5528562940327646,0.06541637099702305,93
9,5.635162210464477,0.04233470240336228,0.5226107597351074,0.010808882232892413,32,15,adam,0.2,"{'batch_size': 32, 'epochs': 15, 'optimizer': 'adam', 'optimizer__learning_rate': 0.2}",0.512987012987013,0.512987012987013,0.49019607843137253,0.9019607843137255,0.5098039215686274,0.5855869620575503,0.1584148923073837,70
10,5.837885475158691,0.286683743135448,0.5225649833679199,0.01082815132387684,32,15,adam,0.3,"{'batch_size': 32, 'epochs': 15, 'optimizer': 'adam', 'optimizer__learning_rate': 0.3}",0.5454545454545454,0.525974025974026,0.803921568627451,0.5228758169934641,0.5359477124183006,0.5868347338935573,0.10883314897966682,67
11,5.7039793014526365,0.07416769322396519,0.5195648670196533,0.011117259290076105,32,15,adam,0.05,"{'batch_size': 32, 'epochs': 15, 'optimizer': 'adam', 'optimizer__learning_rate': 0.05}",0.512987012987013,0.7532467532467533,0.5359477124183006,0.5294117647058824,0.5294117647058824,0.5722010016127663,0.0908405187141185,78
12,6.077931690216064,0.06611618883357312,0.524753999710083,0.0098722050372877,32,20,RMSprop,0.001,"{'batch_size': 32, 'epochs': 20, 'optimizer': 'RMSprop', 'optimizer__learning_rate': 0.001}",0.8961038961038961,0.922077922077922,0.9084967320261438,0.9738562091503268,0.9150326797385621,0.9231134878193702,0.026774477467432518,7
13,6.224299526214599,0.3759439275565141,0.527367115020752,0.02426504506504867,32,20,RMSprop,0.01,"{'batch_size': 32, 'epochs': 20, 'optimizer': 'RMSprop', 'optimizer__learning_rate': 0.01}",0.7987012987012987,0.5,0.5163398692810458,0.7843137254901961,0.5098039215686274,0.6218317630082335,0.1387119145320477,52
14,6.0148252010345455,0.08701998556278497,0.5526633739471436,0.06708704998130503,32,20,RMSprop,0.1,"{'batch_size': 32, 'epochs': 20, 'optimizer': 'RMSprop', 'optimizer__learning_rate': 0.1}",0.487012987012987,0.5909090909090909,0.8562091503267973,0.8104575163398693,0.5294117647058824,0.6548001018589253,0.1501676714676945,41
15,6.043764972686768,0.1597537906988244,0.5151915550231934,0.000629768494625589,32,20,RMSprop,0.2,"{'batch_size': 32, 'epochs': 20, 'optimizer': 'RMSprop', 'optimizer__learning_rate': 0.2}",0.5909090909090909,0.551948051948052,0.7843137254901961,0.6078431372549019,0.5620915032679739,0.6194211017740429,0.08482435581795388,55
16,6.024555826187134,0.1403071777532666,0.5146382808685303,0.004921025091850078,32,20,RMSprop,0.3,"{'batch_size': 32, 'epochs': 20, 'optimizer': 'RMSprop', 'optimizer__learning_rate': 0.3}",0.551948051948052,0.7792207792207793,0.6601307189542484,0.7254901960784313,0.5294117647058824,0.6492403021814787,0.09659423611910746,43
17,6.084475708007813,0.17139855563712325,0.7436058521270752,0.4445923241961164,32,20,RMSprop,0.05,"{'batch_size': 32, 'epochs': 20, 'optimizer': 'RMSprop', 'optimizer__learning_rate': 0.05}",0.6688311688311688,0.551948051948052,0.7777777777777778,0.5294117647058824,0.5882352941176471,0.6232408114761057,0.09063342480779758,50
18,6.6500084400177,0.14966541660868346,0.5204239845275879,0.006836096878367795,32,20,adam,0.001,"{'batch_size': 32, 'epochs': 20, 'optimizer': 'adam', 'optimizer__learning_rate': 0.001}",0.8961038961038961,0.9805194805194806,0.9607843137254902,0.9803921568627451,0.9738562091503268,0.9583312112723877,0.031932073645024726,2
19,6.7735004901885985,0.3492342044189149,0.5513417243957519,0.0687154695799268,32,20,adam,0.01,"{'batch_size': 32, 'epochs': 20, 'optimizer': 'adam', 'optimizer__learning_rate': 0.01}",0.8961038961038961,0.8506493506493507,0.869281045751634,0.7124183006535948,0.8758169934640523,0.8408539173245057,0.06584031686213837,19
20,6.52908182144165,0.10591799520097635,0.5214462280273438,0.009090136637993256,32,20,adam,0.1,"{'batch_size': 32, 'epochs': 20, 'optimizer': 'adam', 'optimizer__learning_rate': 0.1}",0.551948051948052,0.7532467532467533,0.5359477124183006,0.5098039215686274,0.5098039215686274,0.5721500721500721,0.09196610827829219,79
21,6.567231321334839,0.08492733745213137,0.5285670280456543,0.008844060140233735,32,20,adam,0.2,"{'batch_size': 32, 'epochs': 20, 'optimizer': 'adam', 'optimizer__learning_rate': 0.2}",0.512987012987013,0.512987012987013,0.49019607843137253,0.49019607843137253,0.5098039215686274,0.5032340208810797,0.010708699190142439,107
22,6.671741342544555,0.16779531429317707,0.5276540279388428,0.013668549386109981,32,20,adam,0.3,"{'batch_size': 32, 'epochs': 20, 'optimizer': 'adam', 'optimizer__learning_rate': 0.3}",0.512987012987013,0.512987012987013,0.49019607843137253,0.8562091503267973,0.7320261437908496,0.6208810797046092,0.14703289082175058,53
23,6.646278953552246,0.31017442640546783,0.5264675140380859,0.01331417151499246,32,20,adam,0.05,"{'batch_size': 32, 'epochs': 20, 'optimizer': 'adam', 'optimizer__learning_rate': 0.05}",0.512987012987013,0.7597402597402597,0.5098039215686274,0.9477124183006536,0.5294117647058824,0.6519310754604872,0.17528604329222477,42
24,7.843257808685303,0.09009584651091467,0.5180099487304688,0.004505400824696773,32,30,RMSprop,0.001,"{'batch_size': 32, 'epochs': 30, 'optimizer': 'RMSprop', 'optimizer__learning_rate': 0.001}",0.9675324675324676,0.7012987012987013,0.9084967320261438,0.9803921568627451,0.9803921568627451,0.9076224429165606,0.1065366831863447,9
25,8.110743141174316,0.6078102491296421,0.5242118835449219,0.007041607792950506,32,30,RMSprop,0.01,"{'batch_size': 32, 'epochs': 30, 'optimizer': 'RMSprop', 'optimizer__learning_rate': 0.01}",0.7467532467532467,0.7012987012987013,0.6470588235294118,0.8627450980392157,0.7647058823529411,0.7445123503947033,0.0717724074163401,27
26,7.966466760635376,0.2364288203513652,0.528815221786499,0.01476039505063986,32,30,RMSprop,0.1,"{'batch_size': 32, 'epochs': 30, 'optimizer': 'RMSprop', 'optimizer__learning_rate': 0.1}",0.6168831168831169,0.6168831168831169,0.5359477124183006,0.7908496732026143,0.6013071895424836,0.6323741617859265,0.08468488597756348,46
27,7.960750341415405,0.21462218066896596,0.5161727905273438,0.011101751892954962,32,30,RMSprop,0.2,"{'batch_size': 32, 'epochs': 30, 'optimizer': 'RMSprop', 'optimizer__learning_rate': 0.2}",0.6428571428571429,0.512987012987013,0.8366013071895425,0.738562091503268,0.7320261437908496,0.6926067396655633,0.10875521859222681,32
28,7.8449102401733395,0.06986150266729207,0.5150651454925537,0.01643010640932242,32,30,RMSprop,0.3,"{'batch_size': 32, 'epochs': 30, 'optimizer': 'RMSprop', 'optimizer__learning_rate': 0.3}",0.512987012987013,0.6883116883116883,0.8562091503267973,0.5294117647058824,0.5816993464052288,0.633723792547322,0.1269995943911806,45
29,7.819200849533081,0.11205996159562877,0.5287748336791992,0.01804156131535473,32,30,RMSprop,0.05,"{'batch_size': 32, 'epochs': 30, 'optimizer': 'RMSprop', 'optimizer__learning_rate': 0.05}",0.6038961038961039,0.512987012987013,0.869281045751634,0.6862745098039216,0.7189542483660131,0.6782785841609371,0.11920943057544618,37
30,8.474911069869995,0.13471025149233198,0.5183161735534668,0.002914090289038765,32,30,adam,0.001,"{'batch_size': 32, 'epochs': 30, 'optimizer': 'adam', 'optimizer__learning_rate': 0.001}",0.9675324675324676,0.9805194805194806,0.9934640522875817,0.9673202614379085,0.9738562091503268,0.9765384941855529,0.009752966249629876,1
31,8.780824995040893,0.7080316846293474,0.5229438781738281,0.0105792628986534,32,30,adam,0.01,"{'batch_size': 32, 'epochs': 30, 'optimizer': 'adam', 'optimizer__learning_rate': 0.01}",0.9090909090909091,0.8766233766233766,0.9019607843137255,0.5882352941176471,0.6928104575163399,0.7937441643323997,0.1298508229508882,24
32,8.585481119155883,0.5324390277966731,0.5128983497619629,0.005818050710359121,32,30,adam,0.1,"{'batch_size': 32, 'epochs': 30, 'optimizer': 'adam', 'optimizer__learning_rate': 0.1}",0.487012987012987,0.512987012987013,0.7189542483660131,0.5294117647058824,0.7254901960784313,0.5947712418300654,0.10495830308338201,65
33,8.387523317337036,0.15003607104155098,0.5206091403961182,0.021185652780838376,32,30,adam,0.2,"{'batch_size': 32, 'epochs': 30, 'optimizer': 'adam', 'optimizer__learning_rate': 0.2}",0.551948051948052,0.512987012987013,0.5359477124183006,0.5098039215686274,0.6601307189542484,0.5541634835752483,0.05518885739264497,92
34,8.333890199661255,0.043120116103065494,0.5128042697906494,0.0069375305078910494,32,30,adam,0.3,"{'batch_size': 32, 'epochs': 30, 'optimizer': 'adam', 'optimizer__learning_rate': 0.3}",0.512987012987013,0.512987012987013,0.49019607843137253,0.49019607843137253,0.5098039215686274,0.5032340208810797,0.010708699190142439,107
35,8.29633469581604,0.1299184681290985,0.5210933685302734,0.009432672453177877,32,30,adam,0.05,"{'batch_size': 32, 'epochs': 30, 'optimizer': 'adam', 'optimizer__learning_rate': 0.05}",0.487012987012987,0.7922077922077922,0.5098039215686274,0.5294117647058824,0.5098039215686274,0.5656480774127833,0.11407277646543454,83
36,6.321700239181519,2.0696766043989556,0.5404646396636963,0.037101556045544916,64,15,RMSprop,0.001,"{'batch_size': 64, 'epochs': 15, 'optimizer': 'RMSprop', 'optimizer__learning_rate': 0.001}",0.8831168831168831,0.8376623376623377,0.9150326797385621,0.8758169934640523,0.8758169934640523,0.8774891774891774,0.024629069008804114,14
37,4.730219984054566,0.03384612905314838,0.5123735904693604,0.008591024625146453,64,15,RMSprop,0.01,"{'batch_size': 64, 'epochs': 15, 'optimizer': 'RMSprop', 'optimizer__learning_rate': 0.01}",0.5909090909090909,0.5324675324675324,0.5686274509803921,0.5098039215686274,0.673202614379085,0.5750021220609456,0.05656324149156001,76
38,4.715883731842041,0.10502592299658388,0.5040047645568848,0.005421776009462008,64,15,RMSprop,0.1,"{'batch_size': 64, 'epochs': 15, 'optimizer': 'RMSprop', 'optimizer__learning_rate': 0.1}",0.551948051948052,0.5974025974025974,0.5686274509803921,0.6797385620915033,0.5294117647058824,0.5854256854256854,0.052113063743423595,71
39,4.708982276916504,0.06485376577749746,0.5072202682495117,0.01071820761235085,64,15,RMSprop,0.2,"{'batch_size': 64, 'epochs': 15, 'optimizer': 'RMSprop', 'optimizer__learning_rate': 0.2}",0.7337662337662337,0.6753246753246753,0.5163398692810458,0.5620915032679739,0.6535947712418301,0.6282234105763517,0.0786039166795427,47
40,4.674133968353272,0.010510559342949753,0.5426901340484619,0.07610458387746538,64,15,RMSprop,0.3,"{'batch_size': 64, 'epochs': 15, 'optimizer': 'RMSprop', 'optimizer__learning_rate': 0.3}",0.6103896103896104,0.6363636363636364,0.5163398692810458,0.7124183006535948,0.6274509803921569,0.6205924794160088,0.06277014438311586,54
41,4.741343927383423,0.05573715654802593,0.5161240577697754,0.022148414369836212,64,15,RMSprop,0.05,"{'batch_size': 64, 'epochs': 15, 'optimizer': 'RMSprop', 'optimizer__learning_rate': 0.05}",0.5844155844155844,0.6948051948051948,0.6274509803921569,0.5098039215686274,0.673202614379085,0.6179356591121297,0.06613617961909808,56
42,5.443689918518066,0.20896649183157687,0.5149023056030273,0.004041825212708461,64,15,adam,0.001,"{'batch_size': 64, 'epochs': 15, 'optimizer': 'adam', 'optimizer__learning_rate': 0.001}",0.935064935064935,0.935064935064935,0.8888888888888888,0.9215686274509803,0.869281045751634,0.9099736864442747,0.02643499145499588,8
43,5.297575187683106,0.1439160150924158,0.5220986366271972,0.011698072135616572,64,15,adam,0.01,"{'batch_size': 64, 'epochs': 15, 'optimizer': 'adam', 'optimizer__learning_rate': 0.01}",0.8961038961038961,0.6558441558441559,0.8823529411764706,0.9150326797385621,0.8627450980392157,0.84241575418046,0.09483971414270183,17
44,5.783190584182739,0.970055893005428,0.5193089008331299,0.007863124639094745,64,15,adam,0.1,"{'batch_size': 64, 'epochs': 15, 'optimizer': 'adam', 'optimizer__learning_rate': 0.1}",0.551948051948052,0.6948051948051948,0.5359477124183006,0.5098039215686274,0.5359477124183006,0.5656905186316951,0.0659576163428053,82
45,5.355330085754394,0.1410779575534812,0.5502512931823731,0.06888108345300148,64,15,adam,0.2,"{'batch_size': 64, 'epochs': 15, 'optimizer': 'adam', 'optimizer__learning_rate': 0.2}",0.7402597402597403,0.8181818181818182,0.5098039215686274,0.8366013071895425,0.5294117647058824,0.6868517103811221,0.14046936508175614,33
46,5.2705882549285885,0.0444936929615747,0.5080422401428223,0.010953078861452763,64,15,adam,0.3,"{'batch_size': 64, 'epochs': 15, 'optimizer': 'adam', 'optimizer__learning_rate': 0.3}",0.512987012987013,0.512987012987013,0.8235294117647058,0.5294117647058824,0.5098039215686274,0.5777438248026483,0.12308473714964002,75
47,5.4513038158416744,0.35526668164270514,0.5086281299591064,0.002915998418110308,64,15,adam,0.05,"{'batch_size': 64, 'epochs': 15, 'optimizer': 'adam', 'optimizer__learning_rate': 0.05}",0.512987012987013,0.7532467532467533,0.5098039215686274,0.5098039215686274,0.5294117647058824,0.5630506748153807,0.09537602237704629,86
48,5.623750066757202,0.08266903089258963,0.5144773006439209,0.004120748136111398,64,20,RMSprop,0.001,"{'batch_size': 64, 'epochs': 20, 'optimizer': 'RMSprop', 'optimizer__learning_rate': 0.001}",0.8441558441558441,0.8506493506493507,0.8496732026143791,0.8627450980392157,0.9411764705882353,0.869679993209405,0.036259504297972055,16
49,5.698158502578735,0.22117717480577148,0.5226457595825196,0.011007317584504876,64,20,RMSprop,0.01,"{'batch_size': 64, 'epochs': 20, 'optimizer': 'RMSprop', 'optimizer__learning_rate': 0.01}",0.6623376623376623,0.6493506493506493,0.8888888888888888,0.5816993464052288,0.7124183006535948,0.6989389695272049,0.10373663831918203,31
50,5.654194450378418,0.06523121803966064,0.5336533546447754,0.022147847159738936,64,20,RMSprop,0.1,"{'batch_size': 64, 'epochs': 20, 'optimizer': 'RMSprop', 'optimizer__learning_rate': 0.1}",0.5844155844155844,0.7142857142857143,0.5555555555555556,0.5294117647058824,0.5490196078431373,0.5865376453611748,0.06626451769261847,69
51,5.64774374961853,0.09576872916535677,0.5284476757049561,0.022051695941448374,64,20,RMSprop,0.2,"{'batch_size': 64, 'epochs': 20, 'optimizer': 'RMSprop', 'optimizer__learning_rate': 0.2}",0.564935064935065,0.5454545454545454,0.5359477124183006,0.5228758169934641,0.6862745098039216,0.5710975299210593,0.059198173265970606,80
52,6.233417749404907,1.1539613198974172,0.5658732414245605,0.06408596595998783,64,20,RMSprop,0.3,"{'batch_size': 64, 'epochs': 20, 'optimizer': 'RMSprop', 'optimizer__learning_rate': 0.3}",0.5844155844155844,0.512987012987013,0.5359477124183006,0.5098039215686274,0.5424836601307189,0.5371275783040488,0.026816354447494074,100
53,5.621610021591186,0.035946982342570266,0.5249754905700683,0.017534910902172393,64,20,RMSprop,0.05,"{'batch_size': 64, 'epochs': 20, 'optimizer': 'RMSprop', 'optimizer__learning_rate': 0.05}",0.4935064935064935,0.551948051948052,0.5098039215686274,0.5098039215686274,0.673202614379085,0.547653000594177,0.06569338289909135,95
54,6.234257364273072,0.1099913508611312,0.5142741203308105,0.009042342853037918,64,20,adam,0.001,"{'batch_size': 64, 'epochs': 20, 'optimizer': 'adam', 'optimizer__learning_rate': 0.001}",0.948051948051948,0.9545454545454546,0.9738562091503268,0.934640522875817,0.9607843137254902,0.9543756896698075,0.013038837663434904,3
55,6.144563484191894,0.0943332337163678,0.5194722175598144,0.010751350036006387,64,20,adam,0.01,"{'batch_size': 64, 'epochs': 20, 'optimizer': 'adam', 'optimizer__learning_rate': 0.01}",0.7597402597402597,0.6363636363636364,0.9019607843137255,0.7908496732026143,0.7450980392156863,0.7668024785671844,0.0853009781419112,26
56,6.320463037490844,0.164817507703016,0.535919189453125,0.043952213884395894,64,20,adam,0.1,"{'batch_size': 64, 'epochs': 20, 'optimizer': 'adam', 'optimizer__learning_rate': 0.1}",0.512987012987013,0.7662337662337663,0.7712418300653595,0.5228758169934641,0.5098039215686274,0.616628469569646,0.12428164102312046,57
57,6.238373613357544,0.10895160176667845,0.528765869140625,0.00899941708016472,64,20,adam,0.2,"{'batch_size': 64, 'epochs': 20, 'optimizer': 'adam', 'optimizer__learning_rate': 0.2}",0.512987012987013,0.512987012987013,0.5098039215686274,0.5098039215686274,0.5294117647058824,0.5149987267634326,0.007345769522533622,106
58,6.2324422836303714,0.0886365049082382,0.5409558296203614,0.02228720348218918,64,20,adam,0.3,"{'batch_size': 64, 'epochs': 20, 'optimizer': 'adam', 'optimizer__learning_rate': 0.3}",0.512987012987013,0.7142857142857143,0.49019607843137253,0.803921568627451,0.7843137254901961,0.6611408199643494,0.1338311935361544,38
59,6.194048595428467,0.06164652290930724,0.5171788692474365,0.0032730481338976588,64,20,adam,0.05,"{'batch_size': 64, 'epochs': 20, 'optimizer': 'adam', 'optimizer__learning_rate': 0.05}",0.8701298701298701,0.6818181818181818,0.5359477124183006,0.5294117647058824,0.803921568627451,0.6842458195399372,0.1377294243947181,34
60,7.280756139755249,0.1257804869370989,0.5236692905426026,0.010618909100703967,64,30,RMSprop,0.001,"{'batch_size': 64, 'epochs': 30, 'optimizer': 'RMSprop', 'optimizer__learning_rate': 0.001}",0.9285714285714286,0.8376623376623377,0.9738562091503268,0.9673202614379085,0.7516339869281046,0.8918088447500214,0.08528313622242722,12
61,7.9746569156646725,1.2977193978041222,0.5291351795196533,0.009231027931961844,64,30,RMSprop,0.01,"{'batch_size': 64, 'epochs': 30, 'optimizer': 'RMSprop', 'optimizer__learning_rate': 0.01}",0.5844155844155844,0.7207792207792207,0.8169934640522876,0.738562091503268,0.8300653594771242,0.738163144045497,0.08786456463554532,28
62,7.2662616729736325,0.136742440621332,0.5186728954315185,0.009293154151199147,64,30,RMSprop,0.1,"{'batch_size': 64, 'epochs': 30, 'optimizer': 'RMSprop', 'optimizer__learning_rate': 0.1}",0.6883116883116883,0.6883116883116883,0.8300653594771242,0.7908496732026143,0.6274509803921569,0.7249978779390543,0.07427352806479777,30
63,7.202907943725586,0.07683395064616637,0.5120564937591553,0.0035732553628195596,64,30,RMSprop,0.2,"{'batch_size': 64, 'epochs': 30, 'optimizer': 'RMSprop', 'optimizer__learning_rate': 0.2}",0.512987012987013,0.5584415584415584,0.5098039215686274,0.5294117647058824,0.5882352941176471,0.5397759103641457,0.029732470271357725,99
64,7.255391263961792,0.12149577514542023,0.5113909244537354,0.004688796727100262,64,30,RMSprop,0.3,"{'batch_size': 64, 'epochs': 30, 'optimizer': 'RMSprop', 'optimizer__learning_rate': 0.3}",0.7467532467532467,0.6623376623376623,0.5947712418300654,0.6993464052287581,0.5751633986928104,0.6556743909685085,0.06393467828673347,40
65,7.136830902099609,0.09148202454019581,0.5099584579467773,0.004921719898476179,64,30,RMSprop,0.05,"{'batch_size': 64, 'epochs': 30, 'optimizer': 'RMSprop', 'optimizer__learning_rate': 0.05}",0.551948051948052,0.512987012987013,0.5359477124183006,0.5424836601307189,0.5294117647058824,0.5345556404379933,0.013106887398985346,102
66,7.876044893264771,0.1575242461045507,0.511473274230957,0.00434001912489862,64,30,adam,0.001,"{'batch_size': 64, 'epochs': 30, 'optimizer': 'adam', 'optimizer__learning_rate': 0.001}",0.8506493506493507,0.961038961038961,0.9738562091503268,0.9150326797385621,0.9934640522875817,0.9388082505729564,0.05108246265319336,4
67,7.748394393920899,0.0853273696750359,0.5126396656036377,0.0018150140865875297,64,30,adam,0.01,"{'batch_size': 64, 'epochs': 30, 'optimizer': 'adam', 'optimizer__learning_rate': 0.01}",0.6883116883116883,0.9090909090909091,0.8888888888888888,0.9281045751633987,0.7581699346405228,0.8345131992190815,0.09431974546833831,20
68,7.8791765689849855,0.17549409421106124,0.5188371658325195,0.004347484149383747,64,30,adam,0.1,"{'batch_size': 64, 'epochs': 30, 'optimizer': 'adam', 'optimizer__learning_rate': 0.1}",0.4675324675324675,0.512987012987013,0.5359477124183006,0.5098039215686274,0.9411764705882353,0.5934895170189287,0.1752406273189051,66
69,7.792933940887451,0.08260905008514868,0.5246443271636962,0.011730338663086436,64,30,adam,0.2,"{'batch_size': 64, 'epochs': 30, 'optimizer': 'adam', 'optimizer__learning_rate': 0.2}",0.551948051948052,0.487012987012987,0.5098039215686274,0.7712418300653595,0.869281045751634,0.637857567269332,0.15354507894893926,44
70,7.71159930229187,0.1163246068164732,0.5195518016815186,0.006460491581084089,64,30,adam,0.3,"{'batch_size': 64, 'epochs': 30, 'optimizer': 'adam', 'optimizer__learning_rate': 0.3}",0.512987012987013,0.551948051948052,0.49019607843137253,0.7320261437908496,0.5098039215686274,0.559392241745183,0.08860974649397292,89
71,8.558746004104615,1.588754982398378,0.5577834129333497,0.07134494595901375,64,30,adam,0.05,"{'batch_size': 64, 'epochs': 30, 'optimizer': 'adam', 'optimizer__learning_rate': 0.05}",0.487012987012987,0.8376623376623377,0.5555555555555556,0.5098039215686274,0.5098039215686274,0.579967744673627,0.13075853268549734,73
72,7.816462278366089,4.258565158223537,0.5439291954040527,0.04064809260352879,128,15,RMSprop,0.001,"{'batch_size': 128, 'epochs': 15, 'optimizer': 'RMSprop', 'optimizer__learning_rate': 0.001}",0.7792207792207793,0.7987012987012987,0.8431372549019608,0.8104575163398693,0.7516339869281046,0.7966301672184025,0.03061417124575263,22
73,4.659945154190064,0.04942376909391236,0.5259797096252441,0.007029985149853478,128,15,RMSprop,0.01,"{'batch_size': 128, 'epochs': 15, 'optimizer': 'RMSprop', 'optimizer__learning_rate': 0.01}",0.5454545454545454,0.4935064935064935,0.6209150326797386,0.6797385620915033,0.5620915032679739,0.5803412274000509,0.06421287695948114,72
74,4.636714076995849,0.04116666179235595,0.5135786533355713,0.005310611597145025,128,15,RMSprop,0.1,"{'batch_size': 128, 'epochs': 15, 'optimizer': 'RMSprop', 'optimizer__learning_rate': 0.1}",0.5064935064935064,0.7077922077922078,0.5359477124183006,0.6013071895424836,0.5816993464052288,0.5866479925303455,0.0691528192949418,68
75,4.891376924514771,0.42553094182494866,0.5119039058685303,0.00512936902433136,128,15,RMSprop,0.2,"{'batch_size': 128, 'epochs': 15, 'optimizer': 'RMSprop', 'optimizer__learning_rate': 0.2}",0.551948051948052,0.512987012987013,0.5359477124183006,0.5098039215686274,0.5686274509803921,0.5358628299804771,0.022515024631468244,101
76,4.829454517364502,0.12495359711061835,0.5726285934448242,0.02860031446416302,128,15,RMSprop,0.3,"{'batch_size': 128, 'epochs': 15, 'optimizer': 'RMSprop', 'optimizer__learning_rate': 0.3}",0.6688311688311688,0.577922077922078,0.5620915032679739,0.5098039215686274,0.49019607843137253,0.5617689500042442,0.06252421356208068,87
77,4.634122848510742,0.08321116565255719,0.510765790939331,0.004643759035409041,128,15,RMSprop,0.05,"{'batch_size': 128, 'epochs': 15, 'optimizer': 'RMSprop', 'optimizer__learning_rate': 0.05}",0.512987012987013,0.512987012987013,0.5359477124183006,0.5294117647058824,0.5098039215686274,0.5202274849333672,0.010440077474315195,105
78,5.382519292831421,0.2502692282274198,0.5261316776275635,0.018773797200123503,128,15,adam,0.001,"{'batch_size': 128, 'epochs': 15, 'optimizer': 'adam', 'optimizer__learning_rate': 0.001}",0.8571428571428571,0.8181818181818182,0.9281045751633987,0.8888888888888888,0.8888888888888888,0.8762414056531703,0.03672975978300599,15
79,5.169441986083984,0.02972854316187766,0.5244016170501709,0.011687390773015291,128,15,adam,0.01,"{'batch_size': 128, 'epochs': 15, 'optimizer': 'adam', 'optimizer__learning_rate': 0.01}",0.8506493506493507,0.6623376623376623,0.8169934640522876,0.8104575163398693,0.7647058823529411,0.7810287751464221,0.06536138199061395,25
80,5.1948127269744875,0.026503664006116,0.5222707271575928,0.01069955110058795,128,15,adam,0.1,"{'batch_size': 128, 'epochs': 15, 'optimizer': 'adam', 'optimizer__learning_rate': 0.1}",0.551948051948052,0.6818181818181818,0.5098039215686274,0.8823529411764706,0.5098039215686274,0.6271454036159918,0.14234654082206896,48
81,5.1547645092010494,0.022566477794961667,0.5222804069519043,0.008837356035848485,128,15,adam,0.2,"{'batch_size': 128, 'epochs': 15, 'optimizer': 'adam', 'optimizer__learning_rate': 0.2}",0.7792207792207793,0.551948051948052,0.7908496732026143,0.5098039215686274,0.7647058823529411,0.6793056616586028,0.12220400612758191,36
82,5.206503534317017,0.08987834908333103,0.5214394569396973,0.005707837892326118,128,15,adam,0.3,"{'batch_size': 128, 'epochs': 15, 'optimizer': 'adam', 'optimizer__learning_rate': 0.3}",0.7337662337662337,0.512987012987013,0.5098039215686274,0.5098039215686274,0.5098039215686274,0.5552330022918258,0.08927512809187282,91
83,6.084446668624878,1.7924478417339484,0.5206653118133545,0.00733739232968736,128,15,adam,0.05,"{'batch_size': 128, 'epochs': 15, 'optimizer': 'adam', 'optimizer__learning_rate': 0.05}",0.551948051948052,0.512987012987013,0.5098039215686274,0.6601307189542484,0.5098039215686274,0.5489347254053136,0.057841692167686774,94
84,5.500396347045898,0.03258277386815231,0.5218159198760987,0.005676808253963897,128,20,RMSprop,0.001,"{'batch_size': 128, 'epochs': 20, 'optimizer': 'RMSprop', 'optimizer__learning_rate': 0.001}",0.7857142857142857,0.7987012987012987,0.8823529411764706,0.8888888888888888,0.8496732026143791,0.8410661234190645,0.042247613756643564,18
85,5.64920072555542,0.43824749874280844,0.5187108993530274,0.007775679533409017,128,20,RMSprop,0.01,"{'batch_size': 128, 'epochs': 20, 'optimizer': 'RMSprop', 'optimizer__learning_rate': 0.01}",0.5194805194805194,0.6948051948051948,0.5228758169934641,0.5490196078431373,0.6928104575163399,0.5957983193277311,0.08067721130047174,64
86,5.409510898590088,0.034662195718658285,0.5153759479522705,0.004945987743936194,128,20,RMSprop,0.1,"{'batch_size': 128, 'epochs': 20, 'optimizer': 'RMSprop', 'optimizer__learning_rate': 0.1}",0.6623376623376623,0.512987012987013,0.5816993464052288,0.5555555555555556,0.5098039215686274,0.5644766997708175,0.055844918993858114,85
87,5.429512596130371,0.0593418410560258,0.5160734176635742,0.003602442508591881,128,20,RMSprop,0.2,"{'batch_size': 128, 'epochs': 20, 'optimizer': 'RMSprop', 'optimizer__learning_rate': 0.2}",0.7727272727272727,0.551948051948052,0.5359477124183006,0.7450980392156863,0.5098039215686274,0.6231049995755878,0.11204103223509955,51
88,5.490233421325684,0.06058236904701544,0.5377113342285156,0.026154341198697455,128,20,RMSprop,0.3,"{'batch_size': 128, 'epochs': 20, 'optimizer': 'RMSprop', 'optimizer__learning_rate': 0.3}",0.551948051948052,0.512987012987013,0.5098039215686274,0.6209150326797386,0.5098039215686274,0.5410915881504117,0.04298220191683281,98
89,5.408547401428223,0.055905327826461494,0.5207288265228271,0.017266431869374696,128,20,RMSprop,0.05,"{'batch_size': 128, 'epochs': 20, 'optimizer': 'RMSprop', 'optimizer__learning_rate': 0.05}",0.7597402597402597,0.551948051948052,0.5098039215686274,0.5098039215686274,0.5228758169934641,0.5708343943638061,0.09569909327267956,81
90,6.115530729293823,0.36348234042328675,0.5238030910491943,0.02179217333559038,128,20,adam,0.001,"{'batch_size': 128, 'epochs': 20, 'optimizer': 'adam', 'optimizer__learning_rate': 0.001}",0.9155844155844156,0.9155844155844156,0.9019607843137255,0.9084967320261438,0.8888888888888888,0.9061030472795177,0.009990075155952604,10
91,6.032080936431885,0.17032135032919482,0.5273915290832519,0.017667396823275113,128,20,adam,0.01,"{'batch_size': 128, 'epochs': 20, 'optimizer': 'adam', 'optimizer__learning_rate': 0.01}",0.8896103896103896,0.7792207792207793,0.8366013071895425,0.6535947712418301,0.8235294117647058,0.7965113318054495,0.0796601830617624,23
92,6.05021390914917,0.10185641479164993,0.5315507411956787,0.015628290315696857,128,20,adam,0.1,"{'batch_size': 128, 'epochs': 20, 'optimizer': 'adam', 'optimizer__learning_rate': 0.1}",0.551948051948052,0.512987012987013,0.5098039215686274,0.5098039215686274,0.6535947712418301,0.54762753586283,0.05533342435594291,96
93,5.969145774841309,0.051314978315976714,0.5227294445037842,0.0038317539635947225,128,20,adam,0.2,"{'batch_size': 128, 'epochs': 20, 'optimizer': 'adam', 'optimizer__learning_rate': 0.2}",0.551948051948052,0.6493506493506493,0.5098039215686274,0.5294117647058824,0.7581699346405228,0.5997368644427468,0.09260657628034168,63
94,5.9816765785217285,0.07818686717767168,0.5426775455474854,0.024191214306637544,128,20,adam,0.3,"{'batch_size': 128, 'epochs': 20, 'optimizer': 'adam', 'optimizer__learning_rate': 0.3}",0.512987012987013,0.7467532467532467,0.5098039215686274,0.5098039215686274,0.5098039215686274,0.5578304048892284,0.0944694651998247,90
95,5.963297653198242,0.11747277575253721,0.5165436267852783,0.0034180420576050904,128,20,adam,0.05,"{'batch_size': 128, 'epochs': 20, 'optimizer': 'adam', 'optimizer__learning_rate': 0.05}",0.512987012987013,0.8506493506493507,0.5098039215686274,0.5098039215686274,0.5098039215686274,0.5786096256684492,0.1360254490989381,74
96,7.060885620117188,0.13972543053026362,0.5178964614868165,0.01341011924548826,128,30,RMSprop,0.001,"{'batch_size': 128, 'epochs': 30, 'optimizer': 'RMSprop', 'optimizer__learning_rate': 0.001}",0.8896103896103896,0.935064935064935,0.9477124183006536,0.8888888888888888,0.738562091503268,0.879967744673627,0.07455624367934617,13
97,6.890832233428955,0.03075148496189475,1.5249492168426513,2.016966853668265,128,30,RMSprop,0.01,"{'batch_size': 128, 'epochs': 30, 'optimizer': 'RMSprop', 'optimizer__learning_rate': 0.01}",0.6233766233766234,0.7207792207792207,0.5620915032679739,0.6078431372549019,0.5490196078431373,0.6126220185043714,0.06072080244504933,59
98,7.018622303009034,0.05405382578027566,0.5353547096252441,0.01702516283441439,128,30,RMSprop,0.1,"{'batch_size': 128, 'epochs': 30, 'optimizer': 'RMSprop', 'optimizer__learning_rate': 0.1}",0.551948051948052,0.512987012987013,0.6470588235294118,0.49019607843137253,0.6601307189542484,0.5724641371700195,0.06924777012630554,77
99,7.181553506851197,0.09838994651556152,0.5488401412963867,0.038885510954176354,128,30,RMSprop,0.2,"{'batch_size': 128, 'epochs': 30, 'optimizer': 'RMSprop', 'optimizer__learning_rate': 0.2}",0.512987012987013,0.487012987012987,0.5686274509803921,0.6535947712418301,0.5098039215686274,0.54640522875817,0.05994546920523572,97
100,7.1183429718017575,0.13256418211361273,0.5592176437377929,0.0663329862919524,128,30,RMSprop,0.3,"{'batch_size': 128, 'epochs': 30, 'optimizer': 'RMSprop', 'optimizer__learning_rate': 0.3}",0.6688311688311688,0.5584415584415584,0.7189542483660131,0.5098039215686274,0.6078431372549019,0.6127748068924539,0.07482755639796677,58
101,7.038242340087891,0.07301440450572415,0.5205379009246827,0.009822830961040797,128,30,RMSprop,0.05,"{'batch_size': 128, 'epochs': 30, 'optimizer': 'RMSprop', 'optimizer__learning_rate': 0.05}",0.6363636363636364,0.512987012987013,0.6013071895424836,0.5228758169934641,0.5294117647058824,0.5605890841184958,0.0491121569802781,88
102,7.58146653175354,0.05744517546835412,0.520646619796753,0.011633042452171855,128,30,adam,0.001,"{'batch_size': 128, 'epochs': 30, 'optimizer': 'adam', 'optimizer__learning_rate': 0.001}",0.922077922077922,0.9155844155844156,0.9477124183006536,0.9281045751633987,0.954248366013072,0.9335455394278924,0.014919918197798887,5
103,7.471472883224488,0.03729987456884537,0.5093673706054688,0.002949889868044614,128,30,adam,0.01,"{'batch_size': 128, 'epochs': 30, 'optimizer': 'adam', 'optimizer__learning_rate': 0.01}",0.7012987012987013,0.8051948051948052,0.8758169934640523,0.8888888888888888,0.869281045751634,0.8280960869196164,0.06967251428164647,21
104,7.478833961486816,0.07230435767387616,0.5230215549468994,0.013554606795109631,128,30,adam,0.1,"{'batch_size': 128, 'epochs': 30, 'optimizer': 'adam', 'optimizer__learning_rate': 0.1}",0.551948051948052,0.512987012987013,0.5359477124183006,0.5294117647058824,0.5294117647058824,0.531941261353026,0.012556938780992668,103
105,7.525644588470459,0.12508024649970717,0.5207998752593994,0.017675233049852572,128,30,adam,0.2,"{'batch_size': 128, 'epochs': 30, 'optimizer': 'adam', 'optimizer__learning_rate': 0.2}",0.512987012987013,0.6558441558441559,0.5098039215686274,0.5098039215686274,0.8627450980392157,0.610236822001528,0.1381821397285825,62
106,7.514720296859741,0.06556305777697231,0.5242688655853271,0.008027627624258406,128,30,adam,0.3,"{'batch_size': 128, 'epochs': 30, 'optimizer': 'adam', 'optimizer__learning_rate': 0.3}",0.551948051948052,0.512987012987013,0.5359477124183006,0.5098039215686274,0.5098039215686274,0.5240981240981241,0.017018439802965767,104
107,7.5544041156768795,0.13026714222769536,0.5167088508605957,0.003412690451652007,128,30,adam,0.05,"{'batch_size': 128, 'epochs': 30, 'optimizer': 'adam', 'optimizer__learning_rate': 0.05}",0.512987012987013,0.512987012987013,0.5098039215686274,0.7777777777777778,0.5098039215686274,0.5646719293778117,0.10656243273200405,84
